"id","account_id","section_id","publication","published_on","occurred_on","query_name","query_id"
"133b2d43f47208bd578265c7dec5783dc01d8f7fbdf99deab973003e33c98fa2","51286","a883b4ac-6ce4-43ed-95eb-36e07f8a5de4","Boursier.com","2026-03-27T00:08:47.000Z","2026-03-27T00:15:26.070Z","Copy of CONCURRENTS(1)","a0232cbd-6330-48a2-abe2-436356d85f52"
"51f701ade2f25c0ab75f949203ccb95dbf5984c3f5c2f241f68ddeba32c64f59","51286","a883b4ac-6ce4-43ed-95eb-36e07f8a5de4","Boursier.com","2026-03-27T00:04:16.000Z","2026-03-27T00:15:26.070Z","Copy of CONCURRENTS(1)","a0232cbd-6330-48a2-abe2-436356d85f52"
"258c00d1a0b9ace02b986e3600a6cb806800cf6df5d793376e368349421ef139","51286","d332fd1d-306d-44f7-9665-f16f4aff2f35","Boursier.com","2026-03-27T00:17:32.000Z","2026-03-27T00:30:26.075Z","Copy of ACTIONNAIRES(1)","bb8cb3a1-fe92-4865-a152-9f80f487cfb3"
"onclusive-fr-1249454121","51286","f0201ea3-aee5-4b62-aae7-30dbdbfb99f8","La Tribune","2026-03-27T00:00:00.000Z","2026-03-27T01:15:36.553Z","Copy of finance durable gecina","c9defbda-5686-4012-bc90-ee248b325bfe"
"onclusive-fr-1249454166","51286","f0201ea3-aee5-4b62-aae7-30dbdbfb99f8","La Tribune","2026-03-27T00:00:00.000Z","2026-03-27T01:15:36.553Z","Copy of finance durable gecina","c9defbda-5686-4012-bc90-ee248b325bfe"
"onclusive-fr-1249454767","51286","f0201ea3-aee5-4b62-aae7-30dbdbfb99f8","La Tribune","2026-03-27T00:00:00.000Z","2026-03-27T01:30:26.103Z","Copy of logement Gecina","13a4fdb7-e70d-46ee-9e91-61f9b47a1425"
"onclusive-fr-1249454696","51286","f0201ea3-aee5-4b62-aae7-30dbdbfb99f8","Le Figaro","2026-03-27T00:00:00.000Z","2026-03-27T01:30:26.103Z","Copy of urbanisme et amenagement gecina","687d1f15-d397-4aab-90ab-634e499a39f3"
"onclusive-fr-1249454003","51286","f0201ea3-aee5-4b62-aae7-30dbdbfb99f8","La Tribune","2026-03-27T00:00:00.000Z","2026-03-27T01:30:26.103Z","Copy of finance durable gecina","c9defbda-5686-4012-bc90-ee248b325bfe"
"onclusive-fr-1249455401","51286","f0201ea3-aee5-4b62-aae7-30dbdbfb99f8","Le Figaro","2026-03-27T00:00:00.000Z","2026-03-27T01:45:26.108Z","Copy of urbanisme et amenagement gecina","687d1f15-d397-4aab-90ab-634e499a39f3"
"onclusive-fr-1249455357","51286","f0201ea3-aee5-4b62-aae7-30dbdbfb99f8","Aujourd'hui en France","2026-03-27T00:00:00.000Z","2026-03-27T01:45:26.108Z","Copy of urbanisme et amenagement gecina","687d1f15-d397-4aab-90ab-634e499a39f3"
"onclusive-fr-1249455468","51286","f0201ea3-aee5-4b62-aae7-30dbdbfb99f8","L'Opinion","2026-03-27T00:00:00.000Z","2026-03-27T01:45:26.108Z","Copy of finance durable gecina","c9defbda-5686-4012-bc90-ee248b325bfe"
"onclusive-fr-1249455748","51286","f0201ea3-aee5-4b62-aae7-30dbdbfb99f8","L'Opinion","2026-03-27T00:00:00.000Z","2026-03-27T01:45:26.108Z","Copy of finance durable gecina","c9defbda-5686-4012-bc90-ee248b325bfe"
"onclusive-fr-1249463524","51286","f0201ea3-aee5-4b62-aae7-30dbdbfb99f8","L'Agefi","2026-03-27T00:00:00.000Z","2026-03-27T02:30:26.071Z","Copy of finance durable gecina","c9defbda-5686-4012-bc90-ee248b325bfe"
"onclusive-fr-1249472114","51286","f0201ea3-aee5-4b62-aae7-30dbdbfb99f8","Les Echos","2026-03-27T00:00:00.000Z","2026-03-27T03:00:26.129Z","Copy of finance durable gecina","c9defbda-5686-4012-bc90-ee248b325bfe"
"onclusive-fr-1249469988","51286","f0201ea3-aee5-4b62-aae7-30dbdbfb99f8","Le Figaro","2026-03-27T00:00:00.000Z","2026-03-27T03:00:26.129Z","Copy of immo tertiaire gecina","c58ef8e8-4329-4333-ad83-979b4b71c238"
"onclusive-fr-1249475781","51286","f0201ea3-aee5-4b62-aae7-30dbdbfb99f8","Les Echos","2026-03-27T00:00:00.000Z","2026-03-27T03:00:26.129Z","Copy of finance durable gecina","c9defbda-5686-4012-bc90-ee248b325bfe"
"onclusive-fr-1249470169","51286","f0201ea3-aee5-4b62-aae7-30dbdbfb99f8","Le Figaro","2026-03-27T00:00:00.000Z","2026-03-27T03:00:26.129Z","Copy of immo tertiaire gecina","c58ef8e8-4329-4333-ad83-979b4b71c238"
"onclusive-fr-1249472430","51286","f0201ea3-aee5-4b62-aae7-30dbdbfb99f8","Les Echos","2026-03-27T00:00:00.000Z","2026-03-27T03:00:26.129Z","Copy of immo tertiaire gecina","c58ef8e8-4329-4333-ad83-979b4b71c238"
"onclusive-fr-1249469949","51286","f0201ea3-aee5-4b62-aae7-30dbdbfb99f8","Les Echos","2026-03-27T00:00:00.000Z","2026-03-27T03:00:26.129Z","Copy of immo tertiaire gecina","c58ef8e8-4329-4333-ad83-979b4b71c238"
"onclusive-fr-1249469923","51286","f0201ea3-aee5-4b62-aae7-30dbdbfb99f8","Libération","2026-03-27T00:00:00.000Z","2026-03-27T03:00:26.129Z","Copy of urbanisme et amenagement gecina","687d1f15-d397-4aab-90ab-634e499a39f3"
"onclusive-fr-1249469654","51286","f0201ea3-aee5-4b62-aae7-30dbdbfb99f8","Le Parisien Week-End","2026-03-27T00:00:00.000Z","2026-03-27T03:00:26.129Z","Copy of urbanisme et amenagement gecina","687d1f15-d397-4aab-90ab-634e499a39f3"
"onclusive-fr-1249480493","51286","f0201ea3-aee5-4b62-aae7-30dbdbfb99f8","Le Parisien","2026-03-27T00:00:00.000Z","2026-03-27T03:15:26.092Z","Copy of logement Gecina","13a4fdb7-e70d-46ee-9e91-61f9b47a1425"
"onclusive-fr-1249479490","51286","f0201ea3-aee5-4b62-aae7-30dbdbfb99f8","Le Parisien","2026-03-27T00:00:00.000Z","2026-03-27T03:15:26.092Z","Copy of urbanisme et amenagement gecina","687d1f15-d397-4aab-90ab-634e499a39f3"
"onclusive-fr-1249476757","51286","f0201ea3-aee5-4b62-aae7-30dbdbfb99f8","Le Figaro","2026-03-27T00:00:00.000Z","2026-03-27T03:15:26.092Z","Copy of urbanisme et amenagement gecina","687d1f15-d397-4aab-90ab-634e499a39f3"
"onclusive-fr-1249487140","51286","f0201ea3-aee5-4b62-aae7-30dbdbfb99f8","Le Figaro Magazine","2026-03-27T00:00:00.000Z","2026-03-27T04:15:26.071Z","Copy of urbanisme et amenagement gecina","687d1f15-d397-4aab-90ab-634e499a39f3"
"onclusive-fr-1249488359","51286","f0201ea3-aee5-4b62-aae7-30dbdbfb99f8","Madame Figaro","2026-03-27T00:00:00.000Z","2026-03-27T04:30:26.089Z","Copy of urbanisme et amenagement gecina","687d1f15-d397-4aab-90ab-634e499a39f3"
"onclusive-fr-1249490264","51286","f0201ea3-aee5-4b62-aae7-30dbdbfb99f8","TV Magazine - Le Figaro","2026-03-27T00:00:00.000Z","2026-03-27T04:45:26.077Z","Copy of urbanisme et amenagement gecina","687d1f15-d397-4aab-90ab-634e499a39f3"
"onclusive-fr-1249508667","51286","f0201ea3-aee5-4b62-aae7-30dbdbfb99f8","La Correspondance économique","2026-03-27T00:00:00.000Z","2026-03-27T06:15:26.857Z","Copy of finance durable gecina","c9defbda-5686-4012-bc90-ee248b325bfe"
"onclusive-fr-1249508605","51286","f0201ea3-aee5-4b62-aae7-30dbdbfb99f8","La Correspondance économique","2026-03-27T00:00:00.000Z","2026-03-27T06:15:26.857Z","Copy of finance durable gecina","c9defbda-5686-4012-bc90-ee248b325bfe"
"onclusive-fr-1249512336","51286","f0201ea3-aee5-4b62-aae7-30dbdbfb99f8","Agence France Presse","2026-03-27T00:00:00.000Z","2026-03-27T06:30:26.072Z","Copy of finance durable gecina","c9defbda-5686-4012-bc90-ee248b325bfe"
"32493dbc1fe5a281c11ac11be259fe2173b9bc2d72f7334d8b2ef1173153f896","51286","a883b4ac-6ce4-43ed-95eb-36e07f8a5de4","Boursorama.com","2026-03-27T06:16:03.000Z","2026-03-27T06:30:26.072Z","Copy of CONCURRENTS(1)","a0232cbd-6330-48a2-abe2-436356d85f52"
"a0f93ef8413fdef21dfb874b01c49e934a6941faa74fe9eec93d998a36ed237b","51286","f0201ea3-aee5-4b62-aae7-30dbdbfb99f8","Businessimmo.com","2026-03-27T07:40:49.000Z","2026-03-27T08:00:26.109Z","Copy of urbanisme et amenagement gecina","687d1f15-d397-4aab-90ab-634e499a39f3"
"onclusive-fr-1249307988","51286","f0201ea3-aee5-4b62-aae7-30dbdbfb99f8","Le Monde","2026-03-27T00:00:00.000Z","2026-03-27T08:30:26.107Z","Copy of urbanisme et amenagement gecina","687d1f15-d397-4aab-90ab-634e499a39f3"
"c5aed3ea98edc09ddbb062c84ec5ad55b19eaf86cd155ee23055f84047f2862b","51286","f0201ea3-aee5-4b62-aae7-30dbdbfb99f8","cities.newstank.fr","2026-03-27T08:30:48.000Z","2026-03-27T08:45:26.100Z","Copy of urbanisme et amenagement gecina","687d1f15-d397-4aab-90ab-634e499a39f3"
"650d9b4133c3a6d4419c62199632f63f48b7b84da5e1db4a3802abe5d6050a6f","51286","f0201ea3-aee5-4b62-aae7-30dbdbfb99f8","cities.newstank.fr","2026-03-27T09:30:54.000Z","2026-03-27T09:45:26.121Z","Copy of logement Gecina","13a4fdb7-e70d-46ee-9e91-61f9b47a1425"
"9b81b88248e7f85f7f6c57739015aeb76bef267cc0a287ac1098962575443cdf","51286","f0201ea3-aee5-4b62-aae7-30dbdbfb99f8","traitsurbains.fr","2026-03-27T09:33:06.000Z","2026-03-27T09:45:26.121Z","Copy of urbanisme et amenagement gecina","687d1f15-d397-4aab-90ab-634e499a39f3"
"d65214a82054bf97b73fe5732946b0e5b6549b16240802f94f99dd03844ab708","51286","f0201ea3-aee5-4b62-aae7-30dbdbfb99f8","lemoniteur.fr","2026-03-27T09:29:25.000Z","2026-03-27T09:45:26.121Z","Copy of logement Gecina","13a4fdb7-e70d-46ee-9e91-61f9b47a1425"
"92b54deab565127b3066c82b61446b56634ef2c5b0911bfcb243a46a7b142562","51286","f0201ea3-aee5-4b62-aae7-30dbdbfb99f8","mysweetimmo.com","2026-03-27T09:54:10.000Z","2026-03-27T10:00:26.097Z","Copy of logement Gecina","13a4fdb7-e70d-46ee-9e91-61f9b47a1425"
"7eea4480ba052d08699a72244cad79bf68189f4e5ba1ad5bdf2786a7eff2fcf8","51286","f0201ea3-aee5-4b62-aae7-30dbdbfb99f8","Businessimmo.com","2026-03-27T09:56:54.000Z","2026-03-27T10:00:26.097Z","Copy of immo tertiaire gecina","c58ef8e8-4329-4333-ad83-979b4b71c238"
"94e7e6a50028de57222e15d42c247d30d1ecec204574985ffea3d3fab6028e50","51286","f0201ea3-aee5-4b62-aae7-30dbdbfb99f8","lemoniteur.fr","2026-03-27T07:07:00.000Z","2026-03-27T11:00:26.070Z","Copy of urbanisme et amenagement gecina","687d1f15-d397-4aab-90ab-634e499a39f3"
"onclusive-fr-1249592910","51286","f0201ea3-aee5-4b62-aae7-30dbdbfb99f8","Le Monde","2026-03-28T00:00:00.000Z","2026-03-27T12:15:26.114Z","Copy of urbanisme et amenagement gecina","687d1f15-d397-4aab-90ab-634e499a39f3"
"0e801fe40b928ac849fc6be1a3fa5a175dd877d78180ae8eec48b5c153dcc8a5","51286","f0201ea3-aee5-4b62-aae7-30dbdbfb99f8","mysweetimmo.com","2026-03-27T12:02:23.000Z","2026-03-27T12:15:26.114Z","Copy of logement Gecina","13a4fdb7-e70d-46ee-9e91-61f9b47a1425"
"onclusive-fr-1249592879","51286","f0201ea3-aee5-4b62-aae7-30dbdbfb99f8","Le Monde","2026-03-28T00:00:00.000Z","2026-03-27T12:15:26.114Z","Copy of finance durable gecina","c9defbda-5686-4012-bc90-ee248b325bfe"
"599923dfa1efb72fc3c579d7e936f4ad6861ff8fedc712f09569eb562c02a0dc","51286","f0201ea3-aee5-4b62-aae7-30dbdbfb99f8","cities.newstank.fr","2026-03-27T13:03:20.000Z","2026-03-27T13:15:49.966Z","Copy of urbanisme et amenagement gecina","687d1f15-d397-4aab-90ab-634e499a39f3"
"onclusive-fr-1249616279","51286","f0201ea3-aee5-4b62-aae7-30dbdbfb99f8","M - Le Magazine du Monde","2026-03-28T00:00:00.000Z","2026-03-27T14:31:00.500Z","Copy of urbanisme et amenagement gecina","687d1f15-d397-4aab-90ab-634e499a39f3"
"130b987441b73cbaf9179456ed46ba9e958bc360934c5e1ff1a526c22a01bb70","51286","f0201ea3-aee5-4b62-aae7-30dbdbfb99f8","cities.newstank.fr","2026-03-27T14:04:54.000Z","2026-03-27T14:31:00.500Z","Copy of logement Gecina","13a4fdb7-e70d-46ee-9e91-61f9b47a1425"
"onclusive-fr-1249615444","51286","f0201ea3-aee5-4b62-aae7-30dbdbfb99f8","Enerpresse","2026-03-30T00:00:00.000Z","2026-03-27T14:31:00.500Z","Copy of finance durable gecina","c9defbda-5686-4012-bc90-ee248b325bfe"
"onclusive-fr-1249616279","51286","f0201ea3-aee5-4b62-aae7-30dbdbfb99f8","M - Le Magazine du Monde","2026-03-28T00:00:00.000Z","2026-03-27T14:45:33.623Z","Copy of urbanisme et amenagement gecina","687d1f15-d397-4aab-90ab-634e499a39f3"
"ac97a3e759fccf165c82704a472e386a0a9b888df303e30aa6032517b9b03024","51286","f0201ea3-aee5-4b62-aae7-30dbdbfb99f8","cities.newstank.fr","2026-03-27T14:45:28.000Z","2026-03-27T15:30:26.073Z","Copy of urbanisme et amenagement gecina","687d1f15-d397-4aab-90ab-634e499a39f3"
"01b676627c1b6cefdb754325c425b5ea8494e266844e80c32b3b4aac32263d66","51286","f0201ea3-aee5-4b62-aae7-30dbdbfb99f8","cities.newstank.fr","2026-03-27T15:30:59.000Z","2026-03-27T16:30:26.060Z","Copy of logement Gecina","13a4fdb7-e70d-46ee-9e91-61f9b47a1425"
"c2293a80a6a0ab9f04aaab5e209a2aa4154f4e3650326bc7ca2e8f443f61eef1","51286","f0201ea3-aee5-4b62-aae7-30dbdbfb99f8","Businessimmo.com","2026-03-27T16:01:12.000Z","2026-03-27T16:45:29.165Z","Copy of immo tertiaire gecina","c58ef8e8-4329-4333-ad83-979b4b71c238"
"c2a204af5fe6ac5a1b1be15956d328a6639194f9cc7753a04dac3a702b3d8159","51286","f0201ea3-aee5-4b62-aae7-30dbdbfb99f8","cities.newstank.fr","2026-03-27T16:46:55.000Z","2026-03-27T17:45:26.051Z","Copy of finance durable gecina","c9defbda-5686-4012-bc90-ee248b325bfe"
"d1905cc52cd6a3a643301482c24b69f402fc5296c6bdd7f0e76fe6e42bbe278a","51286","f0201ea3-aee5-4b62-aae7-30dbdbfb99f8","cities.newstank.fr","2026-03-27T17:32:20.000Z","2026-03-27T18:15:26.107Z","Copy of urbanisme et amenagement gecina","687d1f15-d397-4aab-90ab-634e499a39f3"
"onclusive-fr-1249659989","51286","f0201ea3-aee5-4b62-aae7-30dbdbfb99f8","Première Heure Île de France","2026-03-27T00:00:00.000Z","2026-03-27T18:45:26.088Z","Copy of finance durable gecina","c9defbda-5686-4012-bc90-ee248b325bfe"
"95ee3bf7c42496b66cd24ffc431d6c999bdd8b8417ab3f60191c8532a8a44434","51286","f0201ea3-aee5-4b62-aae7-30dbdbfb99f8","ondesdelimmo.com","2026-03-27T18:03:01.000Z","2026-03-27T18:45:26.088Z","Copy of logement Gecina","13a4fdb7-e70d-46ee-9e91-61f9b47a1425"
"onclusive-fr-1249660012","51286","f0201ea3-aee5-4b62-aae7-30dbdbfb99f8","Première Heure Île de France","2026-03-27T00:00:00.000Z","2026-03-27T19:00:26.523Z","Copy of finance durable gecina","c9defbda-5686-4012-bc90-ee248b325bfe"
"onclusive-fr-1249659983","51286","f0201ea3-aee5-4b62-aae7-30dbdbfb99f8","Première Heure Île de France","2026-03-27T00:00:00.000Z","2026-03-27T19:00:26.523Z","Copy of logement Gecina","13a4fdb7-e70d-46ee-9e91-61f9b47a1425"
"onclusive-fr-1249659983","51286","f0201ea3-aee5-4b62-aae7-30dbdbfb99f8","Première Heure Île de France","2026-03-27T00:00:00.000Z","2026-03-27T19:15:26.064Z","Copy of logement Gecina","13a4fdb7-e70d-46ee-9e91-61f9b47a1425"
"57a92d196ac04ce620c87df4f894ace1462afd1f5c0893f7ed3a01677a92071c","51286","f0201ea3-aee5-4b62-aae7-30dbdbfb99f8","cities.newstank.fr","2026-03-27T17:47:24.000Z","2026-03-27T19:15:26.064Z","Copy of logement Gecina","13a4fdb7-e70d-46ee-9e91-61f9b47a1425"
"onclusive-fr-1249665599","51286","f0201ea3-aee5-4b62-aae7-30dbdbfb99f8","Agence France Presse","2026-03-27T00:00:00.000Z","2026-03-27T19:30:26.086Z","Copy of finance durable gecina","c9defbda-5686-4012-bc90-ee248b325bfe"
"onclusive-fr-1249665580","51286","f0201ea3-aee5-4b62-aae7-30dbdbfb99f8","Agence France Presse","2026-03-27T00:00:00.000Z","2026-03-27T19:30:26.086Z","Copy of finance durable gecina","c9defbda-5686-4012-bc90-ee248b325bfe"
"onclusive-fr-1249665603","51286","f0201ea3-aee5-4b62-aae7-30dbdbfb99f8","Agence France Presse","2026-03-27T00:00:00.000Z","2026-03-27T19:30:26.086Z","Copy of finance durable gecina","c9defbda-5686-4012-bc90-ee248b325bfe"
"onclusive-fr-1249660316","51286","f0201ea3-aee5-4b62-aae7-30dbdbfb99f8","Première Heure Île de France","2026-03-27T00:00:00.000Z","2026-03-27T19:30:26.086Z","Copy of finance durable gecina","c9defbda-5686-4012-bc90-ee248b325bfe"
"onclusive-fr-1249660012","51286","f0201ea3-aee5-4b62-aae7-30dbdbfb99f8","Première Heure Île de France","2026-03-27T00:00:00.000Z","2026-03-27T19:30:26.086Z","Copy of finance durable gecina","c9defbda-5686-4012-bc90-ee248b325bfe"
"onclusive-fr-1249660012","51286","f0201ea3-aee5-4b62-aae7-30dbdbfb99f8","Première Heure Île de France","2026-03-27T00:00:00.000Z","2026-03-27T19:45:34.113Z","Copy of finance durable gecina","c9defbda-5686-4012-bc90-ee248b325bfe"
"onclusive-fr-1249670225","51286","f0201ea3-aee5-4b62-aae7-30dbdbfb99f8","Agence France Presse","2026-03-27T00:00:00.000Z","2026-03-27T19:45:34.113Z","Copy of finance durable gecina","c9defbda-5686-4012-bc90-ee248b325bfe"
"onclusive-fr-1249670226","51286","f0201ea3-aee5-4b62-aae7-30dbdbfb99f8","Agence France Presse","2026-03-27T00:00:00.000Z","2026-03-27T19:45:34.113Z","Copy of finance durable gecina","c9defbda-5686-4012-bc90-ee248b325bfe"
"onclusive-fr-1249670562","51286","f0201ea3-aee5-4b62-aae7-30dbdbfb99f8","Agence France Presse","2026-03-27T00:00:00.000Z","2026-03-27T20:00:31.324Z","Copy of finance durable gecina","c9defbda-5686-4012-bc90-ee248b325bfe"
"onclusive-fr-1249670226","51286","f0201ea3-aee5-4b62-aae7-30dbdbfb99f8","Agence France Presse","2026-03-27T00:00:00.000Z","2026-03-27T20:15:29.751Z","Copy of finance durable gecina","c9defbda-5686-4012-bc90-ee248b325bfe"
"onclusive-fr-1249674743","51286","f0201ea3-aee5-4b62-aae7-30dbdbfb99f8","Agence France Presse","2026-03-27T00:00:00.000Z","2026-03-27T20:30:26.072Z","Copy of finance durable gecina","c9defbda-5686-4012-bc90-ee248b325bfe"
"onclusive-fr-1249675041","51286","f0201ea3-aee5-4b62-aae7-30dbdbfb99f8","Agence France Presse","2026-03-27T00:00:00.000Z","2026-03-27T20:30:26.072Z","Copy of finance durable gecina","c9defbda-5686-4012-bc90-ee248b325bfe"
"onclusive-fr-1249677622","51286","f0201ea3-aee5-4b62-aae7-30dbdbfb99f8","Agence France Presse","2026-03-27T00:00:00.000Z","2026-03-27T21:00:26.064Z","Copy of urbanisme et amenagement gecina","687d1f15-d397-4aab-90ab-634e499a39f3"
"onclusive-fr-1249683457","51286","f0201ea3-aee5-4b62-aae7-30dbdbfb99f8","Investir-Le journal des Finances","2026-03-28T00:00:00.000Z","2026-03-28T00:30:25.110Z","Copy of immo tertiaire gecina","c58ef8e8-4329-4333-ad83-979b4b71c238"
"onclusive-fr-1249684975","51286","a883b4ac-6ce4-43ed-95eb-36e07f8a5de4","Investir-Le journal des Finances","2026-03-28T00:00:00.000Z","2026-03-28T00:45:12.086Z","Copy of CONCURRENTS(1)","a0232cbd-6330-48a2-abe2-436356d85f52"
"onclusive-fr-1249685055","51286","f0201ea3-aee5-4b62-aae7-30dbdbfb99f8","Agence France Presse","2026-03-27T00:00:00.000Z","2026-03-28T00:45:12.086Z","Copy of finance durable gecina","c9defbda-5686-4012-bc90-ee248b325bfe"
"onclusive-fr-1249684751","51286","f0201ea3-aee5-4b62-aae7-30dbdbfb99f8","Investir-Le journal des Finances","2026-03-28T00:00:00.000Z","2026-03-28T00:45:12.086Z","Copy of finance durable gecina","c9defbda-5686-4012-bc90-ee248b325bfe"
"onclusive-fr-1249683353","51286","f0201ea3-aee5-4b62-aae7-30dbdbfb99f8","Agence France Presse","2026-03-27T00:00:00.000Z","2026-03-28T00:45:12.086Z","Copy of urbanisme et amenagement gecina","687d1f15-d397-4aab-90ab-634e499a39f3"
"onclusive-fr-1249685079","51286","f0201ea3-aee5-4b62-aae7-30dbdbfb99f8","Agence France Presse","2026-03-27T00:00:00.000Z","2026-03-28T00:45:12.086Z","Copy of finance durable gecina","c9defbda-5686-4012-bc90-ee248b325bfe"
"onclusive-fr-1249687414","51286","f0201ea3-aee5-4b62-aae7-30dbdbfb99f8","La Tribune","2026-03-28T00:00:00.000Z","2026-03-28T01:00:12.078Z","Copy of finance durable gecina","c9defbda-5686-4012-bc90-ee248b325bfe"
"onclusive-fr-1249689906","51286","f0201ea3-aee5-4b62-aae7-30dbdbfb99f8","Investir-Le journal des Finances","2026-03-28T00:00:00.000Z","2026-03-28T01:15:30.915Z","Copy of immo tertiaire gecina","c58ef8e8-4329-4333-ad83-979b4b71c238"
"onclusive-fr-1249697492","51286","a883b4ac-6ce4-43ed-95eb-36e07f8a5de4","Investir-Le journal des Finances","2026-03-28T00:00:00.000Z","2026-03-28T01:45:12.105Z","Copy of CONCURRENTS(1)","a0232cbd-6330-48a2-abe2-436356d85f52"
"onclusive-fr-1249696482","51286","f0201ea3-aee5-4b62-aae7-30dbdbfb99f8","Investir-Le journal des Finances","2026-03-28T00:00:00.000Z","2026-03-28T01:45:12.105Z","Copy of immo tertiaire gecina","c58ef8e8-4329-4333-ad83-979b4b71c238"
"onclusive-fr-1249695137","51286","d332fd1d-306d-44f7-9665-f16f4aff2f35","Investir-Le journal des Finances","2026-03-28T00:00:00.000Z","2026-03-28T01:45:12.105Z","Copy of ACTIONNAIRES(1)","bb8cb3a1-fe92-4865-a152-9f80f487cfb3"
"onclusive-fr-1249702025","51286","f0201ea3-aee5-4b62-aae7-30dbdbfb99f8","Investir-Le journal des Finances","2026-03-28T00:00:00.000Z","2026-03-28T02:15:12.097Z","Copy of immo tertiaire gecina","c58ef8e8-4329-4333-ad83-979b4b71c238"
"onclusive-fr-1249702039","51286","f0201ea3-aee5-4b62-aae7-30dbdbfb99f8","Investir-Le journal des Finances","2026-03-28T00:00:00.000Z","2026-03-28T02:15:12.097Z","Copy of immo tertiaire gecina","c58ef8e8-4329-4333-ad83-979b4b71c238"
"onclusive-fr-1249707695","51286","a883b4ac-6ce4-43ed-95eb-36e07f8a5de4","Investir-Le journal des Finances","2026-03-28T00:00:00.000Z","2026-03-28T02:30:23.790Z","Copy of CONCURRENTS(1)","a0232cbd-6330-48a2-abe2-436356d85f52"
"onclusive-fr-1249706332","51286","f0201ea3-aee5-4b62-aae7-30dbdbfb99f8","Capital Finance","2026-03-29T00:00:00.000Z","2026-03-28T02:30:23.790Z","Copy of finance durable gecina","c9defbda-5686-4012-bc90-ee248b325bfe"
"onclusive-fr-1249706347","51286","f0201ea3-aee5-4b62-aae7-30dbdbfb99f8","Capital Finance","2026-03-29T00:00:00.000Z","2026-03-28T02:30:23.790Z","Copy of finance durable gecina","c9defbda-5686-4012-bc90-ee248b325bfe"
"onclusive-fr-1249706414","51286","f0201ea3-aee5-4b62-aae7-30dbdbfb99f8","Capital Finance","2026-03-29T00:00:00.000Z","2026-03-28T02:30:23.790Z","Copy of finance durable gecina","c9defbda-5686-4012-bc90-ee248b325bfe"
"onclusive-fr-1249708444","51286","f0201ea3-aee5-4b62-aae7-30dbdbfb99f8","Investir-Le journal des Finances","2026-03-28T00:00:00.000Z","2026-03-28T02:45:12.111Z","Copy of immo tertiaire gecina","c58ef8e8-4329-4333-ad83-979b4b71c238"
"onclusive-fr-1249708112","51286","f0201ea3-aee5-4b62-aae7-30dbdbfb99f8","Investir-Le journal des Finances","2026-03-28T00:00:00.000Z","2026-03-28T02:45:12.111Z","Copy of immo tertiaire gecina","c58ef8e8-4329-4333-ad83-979b4b71c238"
"onclusive-fr-1249708228","51286","f0201ea3-aee5-4b62-aae7-30dbdbfb99f8","Le Figaro","2026-03-28T00:00:00.000Z","2026-03-28T02:45:12.111Z","Copy of autres requetes tendances  Gecina","b6139dbc-b5c3-4186-b9b7-b234a2755b4a"
"onclusive-fr-1249708124","51286","f0201ea3-aee5-4b62-aae7-30dbdbfb99f8","Investir-Le journal des Finances","2026-03-28T00:00:00.000Z","2026-03-28T02:45:12.111Z","Copy of immo tertiaire gecina","c58ef8e8-4329-4333-ad83-979b4b71c238"
"onclusive-fr-1249708482","51286","f0201ea3-aee5-4b62-aae7-30dbdbfb99f8","Capital Finance","2026-03-29T00:00:00.000Z","2026-03-28T02:45:12.111Z","Copy of finance durable gecina","c9defbda-5686-4012-bc90-ee248b325bfe"
"onclusive-fr-1249707986","51286","f0201ea3-aee5-4b62-aae7-30dbdbfb99f8","Investir-Le journal des Finances","2026-03-28T00:00:00.000Z","2026-03-28T02:45:12.111Z","Copy of immo tertiaire gecina","c58ef8e8-4329-4333-ad83-979b4b71c238"
"onclusive-fr-1249720468","51286","f0201ea3-aee5-4b62-aae7-30dbdbfb99f8","Investir-Le journal des Finances","2026-03-28T00:00:00.000Z","2026-03-28T04:45:12.082Z","Copy of immo tertiaire gecina","c58ef8e8-4329-4333-ad83-979b4b71c238"
"5e789e7d636f09e176013d2e346fa52dbd14672f19cbea4d869e1108550c9a6b","51286","d332fd1d-306d-44f7-9665-f16f4aff2f35","bfmtv.com","2026-03-28T08:24:20.000Z","2026-03-28T08:30:12.102Z","Copy of ACTIONNAIRES(1)","bb8cb3a1-fe92-4865-a152-9f80f487cfb3"
"b9829b5aa4c1ac9c697a79519b83ec719b0687f98b4234aab30150cb8296fa3e","51286","a883b4ac-6ce4-43ed-95eb-36e07f8a5de4","Latribune.fr","2026-03-28T08:12:18.000Z","2026-03-28T08:30:12.102Z","Copy of CONCURRENTS(1)","a0232cbd-6330-48a2-abe2-436356d85f52"
"onclusive-fr-1249814207","51286","f0201ea3-aee5-4b62-aae7-30dbdbfb99f8","Le Monde","2026-03-29T00:00:00.000Z","2026-03-28T14:15:12.085Z","Copy of logement Gecina","13a4fdb7-e70d-46ee-9e91-61f9b47a1425"
"onclusive-fr-1249818495","51286","f0201ea3-aee5-4b62-aae7-30dbdbfb99f8","Agence France Presse","2026-03-28T00:00:00.000Z","2026-03-28T14:45:12.077Z","Copy of urbanisme et amenagement gecina","687d1f15-d397-4aab-90ab-634e499a39f3"
"onclusive-fr-1249819449","51286","f0201ea3-aee5-4b62-aae7-30dbdbfb99f8","Agence France Presse","2026-03-28T00:00:00.000Z","2026-03-28T14:45:12.077Z","Copy of urbanisme et amenagement gecina","687d1f15-d397-4aab-90ab-634e499a39f3"
"21e2e0c09442165db11f581303e71e5c59b5b13b52de7076d8ae740ea10c916f","51286","f0201ea3-aee5-4b62-aae7-30dbdbfb99f8","lemoniteur.fr","2026-03-28T15:09:09.000Z","2026-03-28T15:15:12.140Z","Copy of immo tertiaire gecina","c58ef8e8-4329-4333-ad83-979b4b71c238"
"onclusive-fr-1249830198","51286","f0201ea3-aee5-4b62-aae7-30dbdbfb99f8","Le Monde","2026-03-29T00:00:00.000Z","2026-03-28T16:15:12.094Z","Copy of logement Gecina","13a4fdb7-e70d-46ee-9e91-61f9b47a1425"
"onclusive-fr-1249850515","51286","f0201ea3-aee5-4b62-aae7-30dbdbfb99f8","Agence France Presse","2026-03-28T00:00:00.000Z","2026-03-28T18:45:12.062Z","Copy of urbanisme et amenagement gecina","687d1f15-d397-4aab-90ab-634e499a39f3"
"onclusive-fr-1249853701","51286","f0201ea3-aee5-4b62-aae7-30dbdbfb99f8","Agence France Presse","2026-03-28T00:00:00.000Z","2026-03-28T19:15:12.076Z","Copy of urbanisme et amenagement gecina","687d1f15-d397-4aab-90ab-634e499a39f3"
"onclusive-fr-1249857963","51286","f0201ea3-aee5-4b62-aae7-30dbdbfb99f8","Agence France Presse","2026-03-28T00:00:00.000Z","2026-03-28T19:45:12.064Z","Copy of urbanisme et amenagement gecina","687d1f15-d397-4aab-90ab-634e499a39f3"
"onclusive-fr-1249863890","51286","f0201ea3-aee5-4b62-aae7-30dbdbfb99f8","Agence France Presse","2026-03-28T00:00:00.000Z","2026-03-28T21:00:12.091Z","Copy of urbanisme et amenagement gecina","687d1f15-d397-4aab-90ab-634e499a39f3"
"onclusive-fr-1249918008","51286","f0201ea3-aee5-4b62-aae7-30dbdbfb99f8","Agence France Presse","2026-03-29T00:00:00.000Z","2026-03-29T05:15:07.419Z","Copy of logement Gecina","13a4fdb7-e70d-46ee-9e91-61f9b47a1425"
"onclusive-fr-1249918066","51286","f0201ea3-aee5-4b62-aae7-30dbdbfb99f8","Agence France Presse","2026-03-29T00:00:00.000Z","2026-03-29T05:15:07.419Z","Copy of logement Gecina","13a4fdb7-e70d-46ee-9e91-61f9b47a1425"
"onclusive-fr-1249927113","51286","f0201ea3-aee5-4b62-aae7-30dbdbfb99f8","Le Journal du Dimanche","2026-03-29T00:00:00.000Z","2026-03-29T06:45:00.220Z","Copy of immo tertiaire gecina","c58ef8e8-4329-4333-ad83-979b4b71c238"
"onclusive-fr-1249926885","51286","f0201ea3-aee5-4b62-aae7-30dbdbfb99f8","Le Journal du Dimanche","2026-03-29T00:00:00.000Z","2026-03-29T06:45:00.220Z","Copy of finance durable gecina","c9defbda-5686-4012-bc90-ee248b325bfe"
"onclusive-fr-1249927038","51286","f0201ea3-aee5-4b62-aae7-30dbdbfb99f8","Le Journal du Dimanche","2026-03-29T00:00:00.000Z","2026-03-29T06:45:00.220Z","Copy of urbanisme et amenagement gecina","687d1f15-d397-4aab-90ab-634e499a39f3"
"onclusive-fr-1249938082","51286","f0201ea3-aee5-4b62-aae7-30dbdbfb99f8","Agence France Presse","2026-03-29T00:00:00.000Z","2026-03-29T08:15:00.155Z","Copy of finance durable gecina","c9defbda-5686-4012-bc90-ee248b325bfe"
"onclusive-fr-1249938094","51286","f0201ea3-aee5-4b62-aae7-30dbdbfb99f8","Agence France Presse","2026-03-29T00:00:00.000Z","2026-03-29T08:15:00.155Z","Copy of finance durable gecina","c9defbda-5686-4012-bc90-ee248b325bfe"
"onclusive-fr-1249967617","51286","f0201ea3-aee5-4b62-aae7-30dbdbfb99f8","Agence France Presse","2026-03-29T00:00:00.000Z","2026-03-29T12:30:00.151Z","Copy of logement Gecina","13a4fdb7-e70d-46ee-9e91-61f9b47a1425"
"onclusive-fr-1249967621","51286","f0201ea3-aee5-4b62-aae7-30dbdbfb99f8","Agence France Presse","2026-03-29T00:00:00.000Z","2026-03-29T12:30:00.151Z","Copy of logement Gecina","13a4fdb7-e70d-46ee-9e91-61f9b47a1425"
"5d583cd495e973a4ba0c8882cb35d696c9b1517eea2f59e520fe0df6b117ee64","51286","a883b4ac-6ce4-43ed-95eb-36e07f8a5de4","Leprogres.fr","2026-03-29T00:00:00.000Z","2026-03-29T18:15:00.151Z","Copy of CONCURRENTS(1)","a0232cbd-6330-48a2-abe2-436356d85f52"
"22ec537abfe64bb003e182fd3703f811d327203f0f8794c011270a71be990b40","51286","f0201ea3-aee5-4b62-aae7-30dbdbfb99f8","CadreDeVille.com","2026-03-29T22:00:37.000Z","2026-03-29T22:15:00.231Z","Copy of urbanisme et amenagement gecina","687d1f15-d397-4aab-90ab-634e499a39f3"
"onclusive-fr-1250022594","51286","f0201ea3-aee5-4b62-aae7-30dbdbfb99f8","La Lettre de l'Expansion","2026-03-30T00:00:00.000Z","2026-03-29T23:15:55.228Z","Copy of urbanisme et amenagement gecina","687d1f15-d397-4aab-90ab-634e499a39f3"
"onclusive-fr-1250026054","51286","f0201ea3-aee5-4b62-aae7-30dbdbfb99f8","Libération","2026-03-30T00:00:00.000Z","2026-03-30T00:00:55.148Z","Copy of finance durable gecina","c9defbda-5686-4012-bc90-ee248b325bfe"
"onclusive-fr-1250024551","51286","f0201ea3-aee5-4b62-aae7-30dbdbfb99f8","La Lettre de l'Expansion","2026-03-30T00:00:00.000Z","2026-03-30T00:00:55.148Z","Copy of finance durable gecina","c9defbda-5686-4012-bc90-ee248b325bfe"
"onclusive-fr-1250024707","51286","f0201ea3-aee5-4b62-aae7-30dbdbfb99f8","L'Humanité","2026-03-30T00:00:00.000Z","2026-03-30T00:00:55.148Z","Copy of urbanisme et amenagement gecina","687d1f15-d397-4aab-90ab-634e499a39f3"
"onclusive-fr-1250024392","51286","d332fd1d-306d-44f7-9665-f16f4aff2f35","La Lettre de l'Expansion","2026-03-30T00:00:00.000Z","2026-03-30T00:00:55.148Z","Copy of ACTIONNAIRES(1)","bb8cb3a1-fe92-4865-a152-9f80f487cfb3"
"onclusive-fr-1250024599","51286","f0201ea3-aee5-4b62-aae7-30dbdbfb99f8","Capital Finance","2026-03-30T00:00:00.000Z","2026-03-30T00:00:55.148Z","Copy of finance durable gecina","c9defbda-5686-4012-bc90-ee248b325bfe"
"onclusive-fr-1250027702","51286","f0201ea3-aee5-4b62-aae7-30dbdbfb99f8","Le Figaro","2026-03-30T00:00:00.000Z","2026-03-30T00:15:58.581Z","Copy of urbanisme et amenagement gecina","687d1f15-d397-4aab-90ab-634e499a39f3"
"onclusive-fr-1250028309","51286","f0201ea3-aee5-4b62-aae7-30dbdbfb99f8","La Lettre de l'Audiovisuel +","2026-03-30T00:00:00.000Z","2026-03-30T00:15:58.581Z","Copy of urbanisme et amenagement gecina","687d1f15-d397-4aab-90ab-634e499a39f3"
"onclusive-fr-1250036204","51286","f0201ea3-aee5-4b62-aae7-30dbdbfb99f8","L'Humanité","2026-03-30T00:00:00.000Z","2026-03-30T00:46:00.580Z","Copy of urbanisme et amenagement gecina","687d1f15-d397-4aab-90ab-634e499a39f3"
"onclusive-fr-1250037175","51286","f0201ea3-aee5-4b62-aae7-30dbdbfb99f8","Les Echos","2026-03-30T00:00:00.000Z","2026-03-30T01:00:55.116Z","Copy of logement Gecina","13a4fdb7-e70d-46ee-9e91-61f9b47a1425"
"onclusive-fr-1250037013","51286","f0201ea3-aee5-4b62-aae7-30dbdbfb99f8","Les Echos","2026-03-30T00:00:00.000Z","2026-03-30T01:00:55.116Z","Copy of finance durable gecina","c9defbda-5686-4012-bc90-ee248b325bfe"
"onclusive-fr-1250037184","51286","f0201ea3-aee5-4b62-aae7-30dbdbfb99f8","Les Echos","2026-03-30T00:00:00.000Z","2026-03-30T01:00:55.116Z","Copy of urbanisme et amenagement gecina","687d1f15-d397-4aab-90ab-634e499a39f3"
"onclusive-fr-1250037356","51286","f0201ea3-aee5-4b62-aae7-30dbdbfb99f8","L'Humanité","2026-03-30T00:00:00.000Z","2026-03-30T01:00:55.116Z","Copy of logement Gecina","13a4fdb7-e70d-46ee-9e91-61f9b47a1425"
"onclusive-fr-1250037016","51286","f0201ea3-aee5-4b62-aae7-30dbdbfb99f8","Les Echos","2026-03-30T00:00:00.000Z","2026-03-30T01:00:55.116Z","Copy of logement Gecina","13a4fdb7-e70d-46ee-9e91-61f9b47a1425"
"onclusive-fr-1250043692","51286","f0201ea3-aee5-4b62-aae7-30dbdbfb99f8","L'Agefi","2026-03-30T00:00:00.000Z","2026-03-30T01:45:55.066Z","Copy of autres requetes tendances  Gecina","b6139dbc-b5c3-4186-b9b7-b234a2755b4a"
"81e54c07913a77b774ce804e68c2f19ede78b31e17bb86b05c73bcc2f163a4ae","51286","d332fd1d-306d-44f7-9665-f16f4aff2f35","Businessimmo.com","2026-03-30T02:05:55.000Z","2026-03-30T02:15:55.092Z","Copy of ACTIONNAIRES(1)","bb8cb3a1-fe92-4865-a152-9f80f487cfb3"
"ad50a22999fab59b8c7461604368b2f9c024b37bf913f198e13854e5813d49ef","51286","d332fd1d-306d-44f7-9665-f16f4aff2f35","lalettredelexpansion.com","2026-03-30T03:55:00.000Z","2026-03-30T04:00:55.089Z","Copy of ACTIONNAIRES(1)","bb8cb3a1-fe92-4865-a152-9f80f487cfb3"
"onclusive-fr-1250089048","51286","f0201ea3-aee5-4b62-aae7-30dbdbfb99f8","La Correspondance économique","2026-03-30T00:00:00.000Z","2026-03-30T05:30:55.106Z","Copy of logement Gecina","13a4fdb7-e70d-46ee-9e91-61f9b47a1425"
"onclusive-fr-1250089073","51286","f0201ea3-aee5-4b62-aae7-30dbdbfb99f8","La Correspondance économique","2026-03-30T00:00:00.000Z","2026-03-30T05:30:55.106Z","Copy of finance durable gecina","c9defbda-5686-4012-bc90-ee248b325bfe"
"onclusive-fr-1250089070","51286","f0201ea3-aee5-4b62-aae7-30dbdbfb99f8","La Correspondance économique","2026-03-30T00:00:00.000Z","2026-03-30T05:30:55.106Z","Copy of urbanisme et amenagement gecina","687d1f15-d397-4aab-90ab-634e499a39f3"
"65ba06e749bdd0c3242ac202ff41c9495bc6d81e47aa7a89295c78a68e6d9d6c","51286","f0201ea3-aee5-4b62-aae7-30dbdbfb99f8","cities.newstank.fr","2026-03-30T05:47:03.000Z","2026-03-30T06:00:55.071Z","Copy of urbanisme et amenagement gecina","687d1f15-d397-4aab-90ab-634e499a39f3"
"62bd74d169330259a79122aa52349abcffcd07125aca6bc6bf54c37e7df72d79","51286","a883b4ac-6ce4-43ed-95eb-36e07f8a5de4","BourseDirect.fr","2026-03-30T06:33:00.000Z","2026-03-30T06:45:55.080Z","Copy of CONCURRENTS(1)","a0232cbd-6330-48a2-abe2-436356d85f52"
"324b280584e1ca1dc4e9d49af8f89f74bca4ac717f4ab7fb851c5b7a6ab45f14","51286","a883b4ac-6ce4-43ed-95eb-36e07f8a5de4","Capitol.fr","2026-03-30T06:42:03.000Z","2026-03-30T06:45:55.080Z","Copy of CONCURRENTS(1)","a0232cbd-6330-48a2-abe2-436356d85f52"
"3b60d70bd48971236fbd771bb3e046e7d872fa8b1038ce2792783e2ca55a51da","51286","a883b4ac-6ce4-43ed-95eb-36e07f8a5de4","Tradingsat.com","2026-03-30T06:41:05.000Z","2026-03-30T06:45:55.080Z","Copy of CONCURRENTS(1)","a0232cbd-6330-48a2-abe2-436356d85f52"
"f4be4777c1a8dfd4eadb211c4643367e959fc83fbb1ed1c7842e56e8a6794f28","51286","a883b4ac-6ce4-43ed-95eb-36e07f8a5de4","Abcbourse.com","2026-03-30T06:41:22.000Z","2026-03-30T06:45:55.080Z","Copy of CONCURRENTS(1)","a0232cbd-6330-48a2-abe2-436356d85f52"
"242789090ed9f9ff1d9a60b6210d346e0c9729b69148eb26e153c524d2672dc6","51286","a883b4ac-6ce4-43ed-95eb-36e07f8a5de4","EasyBourse.com","2026-03-30T06:40:54.000Z","2026-03-30T06:45:55.080Z","Copy of CONCURRENTS(1)","a0232cbd-6330-48a2-abe2-436356d85f52"
"3cd0ef39a8553897a340c50e1f947f5d63c40d8a00362e7c71a78a21a19cc7c4","51286","a883b4ac-6ce4-43ed-95eb-36e07f8a5de4","Boursorama.com","2026-03-30T06:33:39.000Z","2026-03-30T06:45:55.080Z","Copy of CONCURRENTS(1)","a0232cbd-6330-48a2-abe2-436356d85f52"
"9f2ef3ff58a121379995cfd651cea5818329e8fd7669200e6a7f5968278884bc","51286","a883b4ac-6ce4-43ed-95eb-36e07f8a5de4","optionfinance.fr","2026-03-30T06:41:38.000Z","2026-03-30T07:00:55.101Z","Copy of CONCURRENTS(1)","a0232cbd-6330-48a2-abe2-436356d85f52"
"d7acc7eeab8c052d2b5e4e40b50a20a498f114ed93ab265c0acb62cacb6c39a2","51286","a883b4ac-6ce4-43ed-95eb-36e07f8a5de4","LesEchos.fr","2026-03-30T06:48:54.000Z","2026-03-30T07:00:55.101Z","Copy of CONCURRENTS(1)","a0232cbd-6330-48a2-abe2-436356d85f52"
"48cf61fc4ff8907cdc1c3de760db8d64129806a21c4be1e0fc1c44a3d3d3e14d","51286","a883b4ac-6ce4-43ed-95eb-36e07f8a5de4","Fortuneo.fr","2026-03-30T06:53:25.000Z","2026-03-30T07:00:55.101Z","Copy of CONCURRENTS(1)","a0232cbd-6330-48a2-abe2-436356d85f52"
"7ee6a7959617cb7d4ae881a4cf927fbd585c9a673f18546af4bc7a7118f08aca","51286","a883b4ac-6ce4-43ed-95eb-36e07f8a5de4","Boursorama.com","2026-03-30T06:33:00.000Z","2026-03-30T07:00:55.101Z","Copy of CONCURRENTS(1)","a0232cbd-6330-48a2-abe2-436356d85f52"
"333c67bcdc5d5240841b3bcff9bc5857f94b7509a142a51c4a2d64ab4225bbb9","51286","a883b4ac-6ce4-43ed-95eb-36e07f8a5de4","Boursier.com","2026-03-30T06:39:34.000Z","2026-03-30T07:00:55.101Z","Copy of CONCURRENTS(1)","a0232cbd-6330-48a2-abe2-436356d85f52"
"d57c9e625bae4a5fd08e727f98a52f55406bef196b13a7b18940d9d8cb3562cc","51286","a883b4ac-6ce4-43ed-95eb-36e07f8a5de4","Boursorama.com","2026-03-30T06:52:04.000Z","2026-03-30T07:15:55.073Z","Copy of CONCURRENTS(1)","a0232cbd-6330-48a2-abe2-436356d85f52"
"8cba35d96b262a94bb94e29e64a49717f2d9f31ffc892e6861154f8f49d13235","51286","a883b4ac-6ce4-43ed-95eb-36e07f8a5de4","Boursorama.com","2026-03-30T07:04:26.000Z","2026-03-30T07:15:55.073Z","Copy of CONCURRENTS(1)","a0232cbd-6330-48a2-abe2-436356d85f52"
"ae764f5033a6fef4f4e6ef60a259b50d14271661dda0b645e5ca66acfd5bcaae","51286","a883b4ac-6ce4-43ed-95eb-36e07f8a5de4","Zonebourse.com","2026-03-30T00:00:00.000Z","2026-03-30T07:15:55.073Z","Copy of CONCURRENTS(1)","a0232cbd-6330-48a2-abe2-436356d85f52"
"706fb6053ed978e12f856399bfe695502144d4140b859bd91c0d486d0fb43177","51286","f0201ea3-aee5-4b62-aae7-30dbdbfb99f8","immoweek.fr","2026-03-30T07:18:46.000Z","2026-03-30T07:30:55.096Z","Copy of urbanisme et amenagement gecina","687d1f15-d397-4aab-90ab-634e499a39f3"
"a5912d06c693b6b62279fadda5cd31ff2ac84576d949263b44d89fc951b1d567","51286","a883b4ac-6ce4-43ed-95eb-36e07f8a5de4","Tradingsat.com","2026-03-30T07:15:38.000Z","2026-03-30T07:30:55.096Z","Copy of CONCURRENTS(1)","a0232cbd-6330-48a2-abe2-436356d85f52"
"7cb387fa99687d91d82072ca0d63facd12c081d1a76d1ba390397424c0163c46","51286","a883b4ac-6ce4-43ed-95eb-36e07f8a5de4","Boursier.com","2026-03-30T07:41:07.000Z","2026-03-30T07:45:55.101Z","Copy of CONCURRENTS(1)","a0232cbd-6330-48a2-abe2-436356d85f52"
"onclusive-fr-1250112653","51286","f0201ea3-aee5-4b62-aae7-30dbdbfb99f8","Le Journal du Grand Paris","2026-03-23T00:00:00.000Z","2026-03-30T07:45:55.101Z","Copy of logement Gecina","13a4fdb7-e70d-46ee-9e91-61f9b47a1425"
"fafb9abf32833bd618f1411cb5743df4da77e02cc9b6a90268cc10be7832dc4f","51286","f0201ea3-aee5-4b62-aae7-30dbdbfb99f8","lemoniteur.fr","2026-03-30T07:28:50.000Z","2026-03-30T07:45:55.101Z","Copy of logement Gecina","13a4fdb7-e70d-46ee-9e91-61f9b47a1425"
"onclusive-fr-1250112639","51286","f0201ea3-aee5-4b62-aae7-30dbdbfb99f8","Le Journal du Grand Paris","2026-03-23T00:00:00.000Z","2026-03-30T07:45:55.101Z","Copy of finance durable gecina","c9defbda-5686-4012-bc90-ee248b325bfe"
"onclusive-fr-1250112643","51286","f0201ea3-aee5-4b62-aae7-30dbdbfb99f8","Le Journal du Grand Paris","2026-03-23T00:00:00.000Z","2026-03-30T07:45:55.101Z","Copy of logement Gecina","13a4fdb7-e70d-46ee-9e91-61f9b47a1425"
"onclusive-fr-1250112524","51286","f0201ea3-aee5-4b62-aae7-30dbdbfb99f8","Le Journal du Grand Paris","2026-03-23T00:00:00.000Z","2026-03-30T07:45:55.101Z","Copy of immo tertiaire gecina","c58ef8e8-4329-4333-ad83-979b4b71c238"
"onclusive-fr-1250112645","51286","f0201ea3-aee5-4b62-aae7-30dbdbfb99f8","Le Journal du Grand Paris","2026-03-23T00:00:00.000Z","2026-03-30T07:45:55.101Z","Copy of finance durable gecina","c9defbda-5686-4012-bc90-ee248b325bfe"
"257438e1fa965854ff105e25b0440f640240bf9a72b7f6e057414989398781f7","51286","a883b4ac-6ce4-43ed-95eb-36e07f8a5de4","Boursier.com","2026-03-30T07:55:58.000Z","2026-03-30T08:00:55.079Z","Copy of CONCURRENTS(1)","a0232cbd-6330-48a2-abe2-436356d85f52"
"8eef695544aee2c400d1b56603408a08044291ce83c5bd3687f835924830dd68","51286","f0201ea3-aee5-4b62-aae7-30dbdbfb99f8","Businessimmo.com","2026-03-30T07:46:18.000Z","2026-03-30T08:00:55.079Z","Copy of immo tertiaire gecina","c58ef8e8-4329-4333-ad83-979b4b71c238"
"dd7cd484aa618c5f5869147835605a26d8d21112769a20916fd85b9d730ef0ca","51286","a883b4ac-6ce4-43ed-95eb-36e07f8a5de4","Boursier.com","2026-03-30T08:07:40.000Z","2026-03-30T08:15:55.067Z","Copy of CONCURRENTS(1)","a0232cbd-6330-48a2-abe2-436356d85f52"
"d1a1104a30ca44dd2a1672c17c91cc7ea645ca8618413633a18a1ced307dc01f","51286","a883b4ac-6ce4-43ed-95eb-36e07f8a5de4","Capitol.fr","2026-03-30T08:23:27.000Z","2026-03-30T08:30:55.088Z","Copy of CONCURRENTS(1)","a0232cbd-6330-48a2-abe2-436356d85f52"
"024250f309d72f08765ac232a53cb1c24c624acf2d73ed73ba15f4105dd2ab1d","51286","a883b4ac-6ce4-43ed-95eb-36e07f8a5de4","Fortuneo.fr","2026-03-30T08:24:49.000Z","2026-03-30T08:30:55.088Z","Copy of CONCURRENTS(1)","a0232cbd-6330-48a2-abe2-436356d85f52"
"9e77aff36c4d22f1bd4737f3b1575836b920bc17ce9b4e86b330755af0530a43","51286","a883b4ac-6ce4-43ed-95eb-36e07f8a5de4","ideal-investisseur.fr","2026-03-30T08:29:40.000Z","2026-03-30T08:30:55.088Z","Copy of CONCURRENTS(1)","a0232cbd-6330-48a2-abe2-436356d85f52"
"b22f8da5ee75d0da28dc62e1ffdac152c29817d47f80c3b536f43c2e28dfd0af","51286","a883b4ac-6ce4-43ed-95eb-36e07f8a5de4","BourseDirect.fr","2026-03-30T08:12:00.000Z","2026-03-30T08:30:55.088Z","Copy of CONCURRENTS(1)","a0232cbd-6330-48a2-abe2-436356d85f52"
"c6578ae736fb8406043ac21fc808c6b7478d164a8100e7a047991bcd6665a46c","51286","a883b4ac-6ce4-43ed-95eb-36e07f8a5de4","Abcbourse.com","2026-03-30T08:22:54.000Z","2026-03-30T08:30:55.088Z","Copy of CONCURRENTS(1)","a0232cbd-6330-48a2-abe2-436356d85f52"
"bbf64bc88eeca761d6b66f9eab9970e9cf2a3746b55c8e0aaf17a3ad9161ff65","51286","a883b4ac-6ce4-43ed-95eb-36e07f8a5de4","Fortuneo.fr","2026-03-30T08:15:21.000Z","2026-03-30T08:30:55.088Z","Copy of CONCURRENTS(1)","a0232cbd-6330-48a2-abe2-436356d85f52"
"0e51caa52cfb007bee2e81b4e23adb4f852e555807666339735917e329247915","51286","a883b4ac-6ce4-43ed-95eb-36e07f8a5de4","optionfinance.fr","2026-03-30T08:22:21.000Z","2026-03-30T08:30:55.088Z","Copy of CONCURRENTS(1)","a0232cbd-6330-48a2-abe2-436356d85f52"
"575f407cfee0c78c9408e047ae8474c52f07b1990c316a0c3606f37e3160cadc","51286","a883b4ac-6ce4-43ed-95eb-36e07f8a5de4","Tradingsat.com","2026-03-30T08:21:24.000Z","2026-03-30T08:30:55.088Z","Copy of CONCURRENTS(1)","a0232cbd-6330-48a2-abe2-436356d85f52"
"ef3ff3ee86bcb7112eddf64f82e2dd31cbc934ce9ef46fdf13cabc9bf3d387de","51286","a883b4ac-6ce4-43ed-95eb-36e07f8a5de4","Boursorama.com","2026-03-30T07:51:16.000Z","2026-03-30T08:45:55.125Z","Copy of CONCURRENTS(1)","a0232cbd-6330-48a2-abe2-436356d85f52"
"b84bd307e220d8e6fe03a9907abd072fe3abc680dbad2f25ce4d03918785a845","51286","d332fd1d-306d-44f7-9665-f16f4aff2f35","cfnewsimmo.net","2026-03-30T08:41:28.000Z","2026-03-30T08:45:55.125Z","Copy of ACTIONNAIRES(1)","bb8cb3a1-fe92-4865-a152-9f80f487cfb3"
"d9b284b353b28d20d43ab19ce333463381e829efb76a6205a36f1b2a80eae20b","51286","a883b4ac-6ce4-43ed-95eb-36e07f8a5de4","ideal-investisseur.fr","2026-03-30T08:29:40.000Z","2026-03-30T08:45:55.125Z","Copy of CONCURRENTS(1)","a0232cbd-6330-48a2-abe2-436356d85f52"
"0877aa4a9724f77f295b2aa9445d75d5b60e70beaf81f13e777ac7006ede125b","51286","f0201ea3-aee5-4b62-aae7-30dbdbfb99f8","cities.newstank.fr","2026-03-30T08:30:03.000Z","2026-03-30T08:45:55.125Z","Copy of urbanisme et amenagement gecina","687d1f15-d397-4aab-90ab-634e499a39f3"
"12413f43e555387e13c8ee624b39e7aaf28b3ad33d07c6c07f83c2bce8d32b6b","51286","a883b4ac-6ce4-43ed-95eb-36e07f8a5de4","Zonebourse.com","2026-03-30T00:00:00.000Z","2026-03-30T09:00:55.090Z","Copy of CONCURRENTS(1)","a0232cbd-6330-48a2-abe2-436356d85f52"
"ce9123bc591e07bbad651cc36baef7cdf5de806c27fe25ffe72ab1c49edde4d6","51286","f0201ea3-aee5-4b62-aae7-30dbdbfb99f8","Businessimmo.com","2026-03-30T08:56:33.000Z","2026-03-30T09:00:55.090Z","Copy of immo tertiaire gecina","c58ef8e8-4329-4333-ad83-979b4b71c238"
"7f0c954361f41c8f4d167aea204ba7ae4a6ad44fca274ce38f6c3a1a38fdda43","51286","a883b4ac-6ce4-43ed-95eb-36e07f8a5de4","Boursorama.com","2026-03-30T09:05:37.000Z","2026-03-30T09:15:55.078Z","Copy of CONCURRENTS(1)","a0232cbd-6330-48a2-abe2-436356d85f52"
"7a0e4701415ba213d380dd8262c6e32932a023cb4e9df4742fea773935125c6d","51286","a883b4ac-6ce4-43ed-95eb-36e07f8a5de4","Tradingsat.com","2026-03-30T09:16:44.000Z","2026-03-30T09:30:55.179Z","Copy of CONCURRENTS(1)","a0232cbd-6330-48a2-abe2-436356d85f52"
"0a386466adcbe67b58eeb06d9f8f3de40bc79670e3f1cbd2d7ac8b5f4615eaff","51286","a883b4ac-6ce4-43ed-95eb-36e07f8a5de4","MesActions.com","2026-03-30T09:17:10.000Z","2026-03-30T09:30:55.179Z","Copy of CONCURRENTS(1)","a0232cbd-6330-48a2-abe2-436356d85f52"
"399d500341f584333a652a85d9fc5294327ed22da0de90e0d76cd90dd11137be","51286","a883b4ac-6ce4-43ed-95eb-36e07f8a5de4","BourseDirect.fr","2026-03-30T09:16:01.000Z","2026-03-30T09:30:55.179Z","Copy of CONCURRENTS(1)","a0232cbd-6330-48a2-abe2-436356d85f52"
"b7bdbc616fa6f92cdf7ef79fba8af3a6bab0d10334f77e492be23b2d2022652d","51286","a883b4ac-6ce4-43ed-95eb-36e07f8a5de4","Boursorama.com","2026-03-30T09:18:04.000Z","2026-03-30T09:30:55.179Z","Copy of CONCURRENTS(1)","a0232cbd-6330-48a2-abe2-436356d85f52"
"b487eac90f226b34b63de1911e7f5e0cd684112535e01261d6beecb05007a24c","51286","f0201ea3-aee5-4b62-aae7-30dbdbfb99f8","cities.newstank.fr","2026-03-30T09:15:57.000Z","2026-03-30T09:30:55.179Z","Copy of logement Gecina","13a4fdb7-e70d-46ee-9e91-61f9b47a1425"
"1637eb8f13f9dbceeb3d5f4566f57558bcb9c48e61d5cca4960b0ae30296c016","51286","a883b4ac-6ce4-43ed-95eb-36e07f8a5de4","Capitol.fr","2026-03-30T09:19:58.000Z","2026-03-30T09:30:55.179Z","Copy of CONCURRENTS(1)","a0232cbd-6330-48a2-abe2-436356d85f52"
"4c4272098bf3392a00f22107b6d14be703230e70157919e545af3fcef31064ad","51286","a883b4ac-6ce4-43ed-95eb-36e07f8a5de4","Abcbourse.com","2026-03-30T09:18:04.000Z","2026-03-30T09:30:55.179Z","Copy of CONCURRENTS(1)","a0232cbd-6330-48a2-abe2-436356d85f52"
"4e998bf29ac78295d8128329f7ead40bcea2ddd9041031a38db7aa725e800c3e","51286","a883b4ac-6ce4-43ed-95eb-36e07f8a5de4","optionfinance.fr","2026-03-30T09:18:01.000Z","2026-03-30T09:30:55.179Z","Copy of CONCURRENTS(1)","a0232cbd-6330-48a2-abe2-436356d85f52"
"onclusive-fr-1250139766","51286","f0201ea3-aee5-4b62-aae7-30dbdbfb99f8","Le Journal du Grand Paris","2026-03-30T00:00:00.000Z","2026-03-30T09:45:55.098Z","Copy of urbanisme et amenagement gecina","687d1f15-d397-4aab-90ab-634e499a39f3"
"onclusive-fr-1250139775","51286","f0201ea3-aee5-4b62-aae7-30dbdbfb99f8","Le Journal du Grand Paris","2026-03-30T00:00:00.000Z","2026-03-30T09:45:55.098Z","Copy of logement Gecina","13a4fdb7-e70d-46ee-9e91-61f9b47a1425"
"onclusive-fr-1250139757","51286","f0201ea3-aee5-4b62-aae7-30dbdbfb99f8","Le Journal du Grand Paris","2026-03-30T00:00:00.000Z","2026-03-30T09:45:55.098Z","Copy of urbanisme et amenagement gecina","687d1f15-d397-4aab-90ab-634e499a39f3"
"d0e394292319150dfc7cc6f8dce7593e8509c3020ce9fbe5a0727e34ca4053ab","51286","a883b4ac-6ce4-43ed-95eb-36e07f8a5de4","Zonebourse.com","2026-03-30T00:00:00.000Z","2026-03-30T10:00:55.085Z","Copy of CONCURRENTS(1)","a0232cbd-6330-48a2-abe2-436356d85f52"
"ec853ab1f6275a4d75bdefe70c3608252e71d2e522e5491951302fd8518cca43","51286","a883b4ac-6ce4-43ed-95eb-36e07f8a5de4","Boursorama.com","2026-03-30T08:52:58.000Z","2026-03-30T10:00:55.085Z","Copy of CONCURRENTS(1)","a0232cbd-6330-48a2-abe2-436356d85f52"
"054829737afea3a657e3e28e50cd63bc7c7e8768d964f023deb7388131738825","51286","f0201ea3-aee5-4b62-aae7-30dbdbfb99f8","Businessimmo.com","2026-03-30T10:00:53.000Z","2026-03-30T10:15:56.144Z","Copy of immo tertiaire gecina","c58ef8e8-4329-4333-ad83-979b4b71c238"
"ba74181b3951dd738e38d3c18085faa3ca0551c103188bd948ea078c351a14ca","51286","a883b4ac-6ce4-43ed-95eb-36e07f8a5de4","Boursier.com","2026-03-30T10:31:49.000Z","2026-03-30T10:46:02.539Z","Copy of CONCURRENTS(1)","a0232cbd-6330-48a2-abe2-436356d85f52"
"c72e0cc26860f6f7c2059963707b034ce00174589a9030cf1abe60c015aa25fc","51286","a883b4ac-6ce4-43ed-95eb-36e07f8a5de4","MesActions.com","2026-03-30T10:56:36.000Z","2026-03-30T11:00:55.076Z","Copy of CONCURRENTS(1)","a0232cbd-6330-48a2-abe2-436356d85f52"
"ce6cc48c80f60110370a2523be63b0e076541f209d2de9080aa3f0d18a02aa31","51286","a883b4ac-6ce4-43ed-95eb-36e07f8a5de4","Fortuneo.fr","2026-03-30T10:46:43.000Z","2026-03-30T11:00:55.076Z","Copy of CONCURRENTS(1)","a0232cbd-6330-48a2-abe2-436356d85f52"
"fc4af97ec0eaf18a22e5fcabd54532df96ccc02f30b138d5b462fb4c613bc03a","51286","a883b4ac-6ce4-43ed-95eb-36e07f8a5de4","Capitol.fr","2026-03-30T10:57:27.000Z","2026-03-30T11:00:55.076Z","Copy of CONCURRENTS(1)","a0232cbd-6330-48a2-abe2-436356d85f52"
"db9176062b26678357be843362d88ed961cdc5f600c1fccced446ddc64201c7d","51286","a883b4ac-6ce4-43ed-95eb-36e07f8a5de4","BourseDirect.fr","2026-03-30T10:05:00.000Z","2026-03-30T11:00:55.076Z","Copy of CONCURRENTS(1)","a0232cbd-6330-48a2-abe2-436356d85f52"
"a7cef3a719d825c69de1a51c1d6c2cf8eaa7f681455e2e47f956d2e51c57d476","51286","a883b4ac-6ce4-43ed-95eb-36e07f8a5de4","MesActions.com","2026-03-30T10:50:45.000Z","2026-03-30T11:00:55.076Z","Copy of CONCURRENTS(1)","a0232cbd-6330-48a2-abe2-436356d85f52"
"29cbc9317c65b78605111212fcbc6150583c4a056ee617c7a0e4da28ef8784b4","51286","f0201ea3-aee5-4b62-aae7-30dbdbfb99f8","immoweek.fr","2026-03-30T11:14:44.000Z","2026-03-30T11:30:55.137Z","Copy of urbanisme et amenagement gecina","687d1f15-d397-4aab-90ab-634e499a39f3"
"8b797213997258e9eba5256039892d39161b0c5fd6199e37e7987e2bd260586f","51286","f0201ea3-aee5-4b62-aae7-30dbdbfb99f8","immoweek.fr","2026-03-30T11:27:56.000Z","2026-03-30T11:30:55.137Z","Copy of finance durable gecina","c9defbda-5686-4012-bc90-ee248b325bfe"
"ce6b9253bec5422eb57a742a214d032d4f8f35954cd9d6bd904de6aee3a7270f","51286","f0201ea3-aee5-4b62-aae7-30dbdbfb99f8","immoweek.fr","2026-03-30T11:33:20.000Z","2026-03-30T11:45:55.103Z","Copy of finance durable gecina","c9defbda-5686-4012-bc90-ee248b325bfe"
"onclusive-fr-1250180180","51286","f0201ea3-aee5-4b62-aae7-30dbdbfb99f8","Agence France Presse","2026-03-30T00:00:00.000Z","2026-03-30T12:15:55.141Z","Copy of logement Gecina","13a4fdb7-e70d-46ee-9e91-61f9b47a1425"
"onclusive-fr-1250180192","51286","f0201ea3-aee5-4b62-aae7-30dbdbfb99f8","Agence France Presse","2026-03-30T00:00:00.000Z","2026-03-30T12:15:55.141Z","Copy of logement Gecina","13a4fdb7-e70d-46ee-9e91-61f9b47a1425"
"dc8676e18ff76a5ee807712e91e141c1a00ebeabd8249d066350df6daa2eb57a","51286","f0201ea3-aee5-4b62-aae7-30dbdbfb99f8","cities.newstank.fr","2026-03-30T12:03:44.000Z","2026-03-30T12:15:55.141Z","Copy of logement Gecina","13a4fdb7-e70d-46ee-9e91-61f9b47a1425"
"c032c34acb22a51d37903f4c523262ae79ada6c7059d27bcaebef51b47bf1033","51286","f0201ea3-aee5-4b62-aae7-30dbdbfb99f8","Batinfo.com","2026-03-30T12:24:33.000Z","2026-03-30T12:30:58.357Z","Copy of logement Gecina","13a4fdb7-e70d-46ee-9e91-61f9b47a1425"
"ad86160e67d45b700e516d9bb158efceffc91a9ecbc64af8d615a02ab1bf92f4","51286","f0201ea3-aee5-4b62-aae7-30dbdbfb99f8","Businessimmo.com","2026-03-30T12:22:03.000Z","2026-03-30T12:30:58.357Z","Copy of immo tertiaire gecina","c58ef8e8-4329-4333-ad83-979b4b71c238"
"onclusive-fr-1250186813","51286","f0201ea3-aee5-4b62-aae7-30dbdbfb99f8","Enerpresse","2026-03-31T00:00:00.000Z","2026-03-30T12:45:55.090Z","Copy of finance durable gecina","c9defbda-5686-4012-bc90-ee248b325bfe"
"onclusive-fr-1250186689","51286","f0201ea3-aee5-4b62-aae7-30dbdbfb99f8","Enerpresse","2026-03-31T00:00:00.000Z","2026-03-30T12:45:55.090Z","Copy of finance durable gecina","c9defbda-5686-4012-bc90-ee248b325bfe"
"onclusive-fr-1250186827","51286","f0201ea3-aee5-4b62-aae7-30dbdbfb99f8","Enerpresse","2026-03-31T00:00:00.000Z","2026-03-30T12:45:55.090Z","Copy of finance durable gecina","c9defbda-5686-4012-bc90-ee248b325bfe"
"ce8214adb50a01296a90ac15ea95b602ce32ea1d075a404da93b7c28d4a40ae5","51286","f0201ea3-aee5-4b62-aae7-30dbdbfb99f8","mysweetimmo.com","2026-03-30T13:04:50.000Z","2026-03-30T13:15:55.072Z","Copy of logement Gecina","13a4fdb7-e70d-46ee-9e91-61f9b47a1425"
"f2d8b7bc7937636e00ea9fc43ea19cfccae18998f3ef4a1f800af516f65e720b","51286","f0201ea3-aee5-4b62-aae7-30dbdbfb99f8","cities.newstank.fr","2026-03-30T13:30:00.000Z","2026-03-30T13:45:55.093Z","Copy of urbanisme et amenagement gecina","687d1f15-d397-4aab-90ab-634e499a39f3"
"af9beb116d18301df3e9b7669decab202dff1dd20a200c3f3b098fd679cad1c0","51286","a883b4ac-6ce4-43ed-95eb-36e07f8a5de4","studyrama.com","2026-03-30T13:58:56.000Z","2026-03-30T14:15:55.080Z","Copy of CONCURRENTS(1)","a0232cbd-6330-48a2-abe2-436356d85f52"
"dab726fd3d05f5ff39b0b386d75b18db83cd43055a7b4f864dc1dc22a5ba121e","51286","d332fd1d-306d-44f7-9665-f16f4aff2f35","Boursier.com","2026-03-30T14:25:21.000Z","2026-03-30T14:30:55.069Z","Copy of ACTIONNAIRES(1)","bb8cb3a1-fe92-4865-a152-9f80f487cfb3"
"80c3f79c15376fa6f75d6f9f0d8cb0680b418e9938dc3b0dac13ed99b79762c9","51286","f0201ea3-aee5-4b62-aae7-30dbdbfb99f8","cities.newstank.fr","2026-03-30T15:02:02.000Z","2026-03-30T15:15:55.071Z","Copy of urbanisme et amenagement gecina","687d1f15-d397-4aab-90ab-634e499a39f3"
"1c87f003a68971d04b604b20c348165f157e9153bed5d430299e7d70ac930d68","51286","d332fd1d-306d-44f7-9665-f16f4aff2f35","Zonebourse.com","2026-03-30T00:00:00.000Z","2026-03-30T16:00:55.084Z","Copy of ACTIONNAIRES(1)","bb8cb3a1-fe92-4865-a152-9f80f487cfb3"
"7ebaa4e390f4e5599ef07a8bb2ad1eaf153b771338f62d6de91e06cca08026e9","51286","f0201ea3-aee5-4b62-aae7-30dbdbfb99f8","Businessimmo.com","2026-03-30T16:06:53.000Z","2026-03-30T16:15:58.473Z","Copy of immo tertiaire gecina","c58ef8e8-4329-4333-ad83-979b4b71c238"
"96da0b804a8064f29edbddbdc1d5a7ea4eace3e112f79ae40ba45685872a7336","51286","d332fd1d-306d-44f7-9665-f16f4aff2f35","largus.fr","2026-03-30T16:37:16.000Z","2026-03-30T16:45:55.076Z","Copy of ACTIONNAIRES(1)","bb8cb3a1-fe92-4865-a152-9f80f487cfb3"
"onclusive-fr-1250250212","51286","f0201ea3-aee5-4b62-aae7-30dbdbfb99f8","Agence France Presse","2026-03-30T00:00:00.000Z","2026-03-30T17:15:55.085Z","Copy of logement Gecina","13a4fdb7-e70d-46ee-9e91-61f9b47a1425"
"onclusive-fr-1250250210","51286","f0201ea3-aee5-4b62-aae7-30dbdbfb99f8","Agence France Presse","2026-03-30T00:00:00.000Z","2026-03-30T17:15:55.085Z","Copy of logement Gecina","13a4fdb7-e70d-46ee-9e91-61f9b47a1425"
"onclusive-fr-1250286319","51286","f0201ea3-aee5-4b62-aae7-30dbdbfb99f8","Le Figaro","2026-03-31T00:00:00.000Z","2026-03-30T23:30:53.078Z","Copy of urbanisme et amenagement gecina","687d1f15-d397-4aab-90ab-634e499a39f3"
"onclusive-fr-1250286113","51286","f0201ea3-aee5-4b62-aae7-30dbdbfb99f8","La Tribune","2026-03-31T00:00:00.000Z","2026-03-30T23:30:53.078Z","Copy of finance durable gecina","c9defbda-5686-4012-bc90-ee248b325bfe"
"onclusive-fr-1250287426","51286","f0201ea3-aee5-4b62-aae7-30dbdbfb99f8","La Tribune","2026-03-31T00:00:00.000Z","2026-03-30T23:45:53.063Z","Copy of logement Gecina","13a4fdb7-e70d-46ee-9e91-61f9b47a1425"
